<?xml version="1.0" encoding="UTF-8"?>
<metadata xml:lang="fr"><Esri><CreaDate>20210810</CreaDate><CreaTime>19382300</CreaTime><ArcGISFormat>1.0</ArcGISFormat><SyncOnce>TRUE</SyncOnce><DataProperties><lineage><Process ToolSource="c:\program files (x86)\arcgis\desktop10.4\ArcToolbox\Toolboxes\Data Management Tools.tbx\CreateFeatureclass" Date="20210810" Time="193823">CreateFeatureclass "E:\a\Ligne de base rectification\final propsition omnis\travaux finalisation\Quelque Modif\Quelque Modif" pb_fnl2.shp POINT # ENABLED ENABLED "GEOGCS['GCS_WGS_1984',DATUM['D_WGS_1984',SPHEROID['WGS_1984',6378137.0,298.257223563]],PRIMEM['Greenwich',0.0],UNIT['Degree',0.0174532925199433]];-400 -400 1000000000;-100000 10000;-100000 10000;8,98315284119522E-09;0,001;0,001;IsHighPrecision" # 0 0 0</Process><Process ToolSource="c:\program files (x86)\arcgis\desktop10.4\ArcToolbox\Toolboxes\Data Management Tools.tbx\AddField" Date="20210810" Time="193824">AddField "E:\a\Ligne de base rectification\final propsition omnis\travaux finalisation\Quelque Modif\Quelque Modif\pb_fnl2.shp" File_ID LONG # # # # NULLABLE NON_REQUIRED #</Process><Process ToolSource="E:\transfer.tbx\CreateFeaturesFromTextFile" Date="20210810" Time="193824">CreateFeaturesFromTextFile "E:\a\Ligne de base rectification\final propsition omnis\travaux finalisation\Quelque Modif\Quelque Modif\pb_clock2.txt" . "E:\a\Ligne de base rectification\final propsition omnis\travaux finalisation\Quelque Modif\Quelque Modif\pb_fnl2.shp" "GEOGCS['GCS_WGS_1984',DATUM['D_WGS_1984',SPHEROID['WGS_1984',6378137.0,298.257223563]],PRIMEM['Greenwich',0.0],UNIT['Degree',0.0174532925199433]];-400 -400 1000000000;-100000 10000;-100000 10000;8,98315284119522E-09;0,001;0,001;IsHighPrecision"</Process></lineage><itemProps><itemLocation><linkage Sync="TRUE">file://\\19TOLOTRA\E$\a\Ligne de base rectification\final propsition omnis\travaux finalisation\Quelque Modif\Quelque Modif\reponse\pb_fnl</linkage><protocol Sync="TRUE">Local Area Network</protocol></itemLocation></itemProps><copyHistory><copy source="E:\a\Ligne de base rectification\final propsition omnis\travaux finalisation\Quelque Modif\Quelque Modif\pb_fnl" dest="\\19TOLOTRA\E$\a\Ligne de base rectification\final propsition omnis\travaux finalisation\Quelque Modif\Quelque Modif\reponse\pb_fnl" date="20210810" time="19525900"></copy></copyHistory></DataProperties></Esri></metadata>
